[ 
	// Damage
	{ "side": "Server", "file": "game:itemtypes/tool/arrow", "op": "replace", "path": "/attributes/damageByType/*-crude-broadhead", "value": 4.5 },
	{ "side": "Server", "file": "game:itemtypes/tool/arrow", "op": "replace", "path": "/attributes/damageByType/*-crude", "value": 5 },
	{ "side": "Server", "file": "game:itemtypes/tool/arrow", "op": "replace", "path": "/attributes/damageByType/*-crude-bodkin", "value": 5.5 },

	{ "side": "Server", "file": "game:itemtypes/tool/arrow", "op": "replace", "path": "/attributes/damageByType/*-flint-broadhead", "value": 5 },
	{ "side": "Server", "file": "game:itemtypes/tool/arrow", "op": "replace", "path": "/attributes/damageByType/*-flint", "value": 5.5 },
	{ "side": "Server", "file": "game:itemtypes/tool/arrow", "op": "replace", "path": "/attributes/damageByType/*-flint-bodkin", "value": 6.25 },

	{ "side": "Server", "file": "game:itemtypes/tool/arrow", "op": "replace", "path": "/attributes/damageByType/*-obsidian", "value": 6 },

	{ "side": "Server", "file": "game:itemtypes/tool/arrow", "op": "replace", "path": "/attributes/damageByType/*-copper-broadhead", "value": 6 },
	{ "side": "Server", "file": "game:itemtypes/tool/arrow", "op": "replace", "path": "/attributes/damageByType/*-copper", "value": 6.5 },
	{ "side": "Server", "file": "game:itemtypes/tool/arrow", "op": "replace", "path": "/attributes/damageByType/*-copper-bodkin", "value": 7.5 },

	{ "side": "Server", "file": "game:itemtypes/tool/arrow", "op": "replace", "path": "/attributes/damageByType/*-bismuthbronze-broadhead", "value": 7 },
	{ "side": "Server", "file": "game:itemtypes/tool/arrow", "op": "replace", "path": "/attributes/damageByType/*-bismuthbronze", "value": 7.5 },
	{ "side": "Server", "file": "game:itemtypes/tool/arrow", "op": "replace", "path": "/attributes/damageByType/*-bismuthbronze-bodkin", "value": 8.5 },

	{ "side": "Server", "file": "game:itemtypes/tool/arrow", "op": "replace", "path": "/attributes/damageByType/*-tinbronze-broadhead", "value": 7.25 },
	{ "side": "Server", "file": "game:itemtypes/tool/arrow", "op": "replace", "path": "/attributes/damageByType/*-tinbronze", "value": 7.75 },
	{ "side": "Server", "file": "game:itemtypes/tool/arrow", "op": "replace", "path": "/attributes/damageByType/*-tinbronze-bodkin", "value": 8.75 },

	{ "side": "Server", "file": "game:itemtypes/tool/arrow", "op": "replace", "path": "/attributes/damageByType/*-blackbronze-broadhead", "value": 7.5 },
	{ "side": "Server", "file": "game:itemtypes/tool/arrow", "op": "replace", "path": "/attributes/damageByType/*-blackbronze", "value": 8 },
	{ "side": "Server", "file": "game:itemtypes/tool/arrow", "op": "replace", "path": "/attributes/damageByType/*-blackbronze-bodkin", "value": 9 },

	{ "side": "Server", "file": "game:itemtypes/tool/arrow", "op": "replace", "path": "/attributes/damageByType/*-gold-broadhead", "value": 7.75 },
	{ "side": "Server", "file": "game:itemtypes/tool/arrow", "op": "replace", "path": "/attributes/damageByType/*-gold", "value": 8.25 },
	{ "side": "Server", "file": "game:itemtypes/tool/arrow", "op": "replace", "path": "/attributes/damageByType/*-gold-bodkin", "value": 9.25 },

	{ "side": "Server", "file": "game:itemtypes/tool/arrow", "op": "replace", "path": "/attributes/damageByType/*-silver-broadhead", "value": 7.75 },
	{ "side": "Server", "file": "game:itemtypes/tool/arrow", "op": "replace", "path": "/attributes/damageByType/*-silver", "value": 8.25 },
	{ "side": "Server", "file": "game:itemtypes/tool/arrow", "op": "replace", "path": "/attributes/damageByType/*-silver-bodkin", "value": 9.25 },

	{ "side": "Server", "file": "game:itemtypes/tool/arrow", "op": "replace", "path": "/attributes/damageByType/*-iron-broadhead", "value": 8 },
	{ "side": "Server", "file": "game:itemtypes/tool/arrow", "op": "replace", "path": "/attributes/damageByType/*-iron", "value": 8.5 },
	{ "side": "Server", "file": "game:itemtypes/tool/arrow", "op": "replace", "path": "/attributes/damageByType/*-iron-bodkin", "value": 9.5 },

	{ "side": "Server", "file": "game:itemtypes/tool/arrow", "op": "replace", "path": "/attributes/damageByType/*-meteoriciron-broadhead", "value": 8.5 },
	{ "side": "Server", "file": "game:itemtypes/tool/arrow", "op": "replace", "path": "/attributes/damageByType/*-meteoriciron", "value": 9 },
	{ "side": "Server", "file": "game:itemtypes/tool/arrow", "op": "replace", "path": "/attributes/damageByType/*-meteoriciron-bodkin", "value": 10 },

	{ "side": "Server", "file": "game:itemtypes/tool/arrow", "op": "replace", "path": "/attributes/damageByType/*-steel-broadhead", "value": 9.5 },
	{ "side": "Server", "file": "game:itemtypes/tool/arrow", "op": "replace", "path": "/attributes/damageByType/*-steel", "value": 10 },
	{ "side": "Server", "file": "game:itemtypes/tool/arrow", "op": "replace", "path": "/attributes/damageByType/*-steel-bodkin", "value": 11 },

	{ "side": "Server", "file": "game:itemtypes/tool/arrow", "op": "add", "path": "/attributes/damageByType/*-bone", "value": 5.5, "dependsOn": [{ "modid": "primitivetools" }] },
	{ "side": "Server", "file": "game:itemtypes/tool/arrow", "op": "add", "path": "/attributes/damageByType/arrow-antler", "value": 5.5, "dependsOn": [{ "modid": "lichen" }] },

	// Durability
	{ "side": "Server", "file": "game:itemtypes/tool/arrow", "op": "add", "path": "/attributes/averageLifetimeDamageByType/*-crude-broadhead", "value": 27 },
	{ "side": "Server", "file": "game:itemtypes/tool/arrow", "op": "replace", "path": "/attributes/averageLifetimeDamageByType/*-crude", "value": 9 },
	{ "side": "Server", "file": "game:itemtypes/tool/arrow", "op": "add", "path": "/attributes/averageLifetimeDamageByType/*-crude-bodkin", "value": 3 },

	{ "side": "Server", "file": "game:itemtypes/tool/arrow", "op": "add", "path": "/attributes/averageLifetimeDamageByType/*-flint-broadhead", "value": 42 },
	{ "side": "Server", "file": "game:itemtypes/tool/arrow", "op": "replace", "path": "/attributes/averageLifetimeDamageByType/*-flint", "value": 14 },
	{ "side": "Server", "file": "game:itemtypes/tool/arrow", "op": "add", "path": "/attributes/averageLifetimeDamageByType/*-flint-bodkin", "value": 4.25 },

	{ "side": "Server", "file": "game:itemtypes/tool/arrow", "op": "replace", "path": "/attributes/averageLifetimeDamageByType/*-obsidian", "value": 18 },

	{ "side": "Server", "file": "game:itemtypes/tool/arrow", "op": "add", "path": "/attributes/averageLifetimeDamageByType/*-copper-broadhead", "value": 96 },
	{ "side": "Server", "file": "game:itemtypes/tool/arrow", "op": "replace", "path": "/attributes/averageLifetimeDamageByType/*-copper", "value": 32 },
	{ "side": "Server", "file": "game:itemtypes/tool/arrow", "op": "add", "path": "/attributes/averageLifetimeDamageByType/*-copper-bodkin", "value": 11 },

	{ "side": "Server", "file": "game:itemtypes/tool/arrow", "op": "add", "path": "/attributes/averageLifetimeDamageByType/*-bismuthbronze-broadhead", "value": 210 },
	{ "side": "Server", "file": "game:itemtypes/tool/arrow", "op": "replace", "path": "/attributes/averageLifetimeDamageByType/*-bismuthbronze", "value": 70 },
	{ "side": "Server", "file": "game:itemtypes/tool/arrow", "op": "add", "path": "/attributes/averageLifetimeDamageByType/*-bismuthbronze-bodkin", "value": 24 },

	{ "side": "Server", "file": "game:itemtypes/tool/arrow", "op": "add", "path": "/attributes/averageLifetimeDamageByType/*-tinbronze-broadhead", "value": 195 },
	{ "side": "Server", "file": "game:itemtypes/tool/arrow", "op": "replace", "path": "/attributes/averageLifetimeDamageByType/*-tinbronze", "value": 65 },
	{ "side": "Server", "file": "game:itemtypes/tool/arrow", "op": "add", "path": "/attributes/averageLifetimeDamageByType/*-tinbronze-bodkin", "value": 22 },

	{ "side": "Server", "file": "game:itemtypes/tool/arrow", "op": "add", "path": "/attributes/averageLifetimeDamageByType/*-blackbronze-broadhead", "value": 240 },
	{ "side": "Server", "file": "game:itemtypes/tool/arrow", "op": "replace", "path": "/attributes/averageLifetimeDamageByType/*-blackbronze", "value": 80 },
	{ "side": "Server", "file": "game:itemtypes/tool/arrow", "op": "add", "path": "/attributes/averageLifetimeDamageByType/*-blackbronze-bodkin", "value": 27 },

	{ "side": "Server", "file": "game:itemtypes/tool/arrow", "op": "add", "path": "/attributes/averageLifetimeDamageByType/*-gold-broadhead", "value": 270 },
	{ "side": "Server", "file": "game:itemtypes/tool/arrow", "op": "replace", "path": "/attributes/averageLifetimeDamageByType/*-gold", "value": 90 },
	{ "side": "Server", "file": "game:itemtypes/tool/arrow", "op": "add", "path": "/attributes/averageLifetimeDamageByType/*-gold-bodkin", "value": 30 },

	{ "side": "Server", "file": "game:itemtypes/tool/arrow", "op": "add", "path": "/attributes/averageLifetimeDamageByType/*-silver-broadhead", "value":270 },
	{ "side": "Server", "file": "game:itemtypes/tool/arrow", "op": "replace", "path": "/attributes/averageLifetimeDamageByType/*-silver", "value": 90 },
	{ "side": "Server", "file": "game:itemtypes/tool/arrow", "op": "add", "path": "/attributes/averageLifetimeDamageByType/*-silver-bodkin", "value": 30 },

	{ "side": "Server", "file": "game:itemtypes/tool/arrow", "op": "add", "path": "/attributes/averageLifetimeDamageByType/*-iron-broadhead", "value": 360 },
	{ "side": "Server", "file": "game:itemtypes/tool/arrow", "op": "replace", "path": "/attributes/averageLifetimeDamageByType/*-iron", "value": 120 },
	{ "side": "Server", "file": "game:itemtypes/tool/arrow", "op": "add", "path": "/attributes/averageLifetimeDamageByType/*-iron-bodkin", "value": 40 },

	{ "side": "Server", "file": "game:itemtypes/tool/arrow", "op": "add", "path": "/attributes/averageLifetimeDamageByType/*-meteoriciron-broadhead", "value": 480 },
	{ "side": "Server", "file": "game:itemtypes/tool/arrow", "op": "replace", "path": "/attributes/averageLifetimeDamageByType/*-meteoriciron", "value": 160 },
	{ "side": "Server", "file": "game:itemtypes/tool/arrow", "op": "add", "path": "/attributes/averageLifetimeDamageByType/*-meteoriciron-bodkin", "value": 55 },

	{ "side": "Server", "file": "game:itemtypes/tool/arrow", "op": "add", "path": "/attributes/averageLifetimeDamageByType/*-steel-broadhead", "value": 910 },
	{ "side": "Server", "file": "game:itemtypes/tool/arrow", "op": "replace", "path": "/attributes/averageLifetimeDamageByType/*-steel", "value": 310 },
	{ "side": "Server", "file": "game:itemtypes/tool/arrow", "op": "add", "path": "/attributes/averageLifetimeDamageByType/*-steel-bodkin", "value": 100 }
]