[
	// Crude longbow
	{ "side": "Server", "file": "weaponpackg:itemtypes/tool/crudelong", "op": "replace", "path": "/class", "value": "bullseye.ItemBow" },

	{ 
		"side": "Server", "file": "weaponpackg:itemtypes/tool/crudelong", "op": "add", "path": "/attributes/bullseyeWeaponStats", "value": 
		{
			"ammoType": "arrow",

			"aimDrift": 150,
			"aimTwitch": 45,

			"projectileVelocity": 39,
			"chargeTime": 1.25,

			"accuracyStartTime": 1.75,
			"accuracyOvertimeStart": 8,
			"accuracyMovePenalty": 1.3,

			"projectileSpread": 1,
			"zeroingAngle": 1,

			"aimTexPartChargePath": "bullseye-continued:gui/aimarrowpart.png",
			"aimTexFullChargePath": "bullseye-continued:gui/aimarrowfull.png",

			"aimFullChargeLeeway": 0.6,
			"allowSprint": false,
			"moveSpeedPenalty": 0.7
		},
	},

	{ "side": "Server", "file": "weaponpackg:itemtypes/tool/crudelong", "op": "remove", "path": "/attributes/damageByType" },

	{ "side": "Server", "file": "weaponpackg:itemtypes/tool/crudelong", "op": "add", "path": "/attributes/damagePercent", "value": 0.1 },

	// Metal longbows
	{ "side": "Server", "file": "weaponpackg:itemtypes/tool/metallong", "op": "replace", "path": "/class", "value": "bullseye.ItemBow" },

	{ 
		"side": "Server", "file": "weaponpackg:itemtypes/tool/metallong", "op": "add", "path": "/attributes/bullseyeWeaponStats", "value": 
		{
			"ammoType": "arrow",

			"aimDrift": 150,
			"aimTwitch": 45,

			"projectileVelocity": 39,
			"chargeTime": 1.25,

			"accuracyStartTime": 1.75,
			"accuracyOvertimeStart": 8,
			"accuracyMovePenalty": 1.3,

			"projectileSpread": 0,
			"zeroingAngle": 1,

			"aimTexPartChargePath": "bullseye-continued:gui/aimarrowpart.png",
			"aimTexFullChargePath": "bullseye-continued:gui/aimarrowfull.png",

			"aimFullChargeLeeway": 0.6,
			"allowSprint": false,
			"moveSpeedPenalty": 0.7
		},
	},

	{ "side": "Server", "file": "weaponpackg:itemtypes/tool/metallong", "op": "remove", "path": "/attributes/damageByType" },

	{
		"side": "Server", "file": "weaponpackg:itemtypes/tool/metallong", "op": "add", "path": "/attributes/damagePercentByType", "value": 
		{
			"*-bismuthbronze": 0.7,
			"*-tinbronze": 0.75,
			"*-blackbronze": 0.8,
			"*-iron": 0.95,
			"*-meteoriciron": 1,
			"*-steel": 1.2
		}
	},

	// Metal recurve bows
	{ "side": "Server", "file": "weaponpackg:itemtypes/tool/metalrecurve", "op": "replace", "path": "/class", "value": "bullseye.ItemBow" },

	{ 
		"side": "Server", "file": "weaponpackg:itemtypes/tool/metalrecurve", "op": "add", "path": "/attributes/bullseyeWeaponStats", "value": 
		{
			"ammoType": "arrow",
				
			"aimDrift": 180,
			"aimTwitch": 35,

			"projectileVelocity": 33,
			"chargeTime": 0.85,

			"accuracyStartTime": 1.25,
			"accuracyOvertimeStart": 8,
			"accuracyMovePenalty": 0.6,

			"projectileSpread": 0,
			"zeroingAngle": 1.5,

			"aimTexPartChargePath": "bullseye-continued:gui/aimarrowpart.png",
			"aimTexFullChargePath": "bullseye-continued:gui/aimarrowfull.png",

			"aimFullChargeLeeway": 0.5,
			"allowSprint": false,
			"moveSpeedPenalty": 0
		},
	},

	{ "side": "Server", "file": "weaponpackg:itemtypes/tool/metalrecurve", "op": "remove", "path": "/attributes/damageByType" },

	{
		"side": "Server", "file": "weaponpackg:itemtypes/tool/metalrecurve", "op": "add", "path": "/attributes/damagePercentByType", "value": 
		{
			"*-bismuthbronze": 0.4,
			"*-tinbronze": 0.425,
			"*-blackbronze": 0.45,
			"*-iron": 0.55,
			"*-meteoriciron": 0.6,
			"*-steel": 0.7
		}
	},
]