{
	"editor": {
		"allAngles": false,
		"entityTextureMode": false
	},
	"textureWidth": 8,
	"textureHeight": 8,
	"textureSizes": {
		"maple": [16,16],
		"normal-westeast": [16,16]
	},
	"textures": {
		"maple": "game:block/wood/debarked/maple",
		"normal-westeast": "game:block/vines/basket/normal-westeast"
	},
	"elements": [
		{
			"name": "origin",
			"from": [ 8.0, 0.0, 8.0 ], 
			"to": [ 8.0, 0.0, 8.0 ], 
			"rotationOrigin": [ 8.0, 0.0, 8.0 ],
			"faces": {
				"north": { "texture": "#null", "uv": [ 0.0, 0.0, 0.5, 0.5 ], "enabled": false },
				"east": { "texture": "#null", "uv": [ 0.0, 0.0, 0.5, 0.5 ], "enabled": false },
				"south": { "texture": "#null", "uv": [ 0.0, 0.0, 0.5, 0.5 ], "enabled": false },
				"west": { "texture": "#null", "uv": [ 0.0, 0.0, 0.5, 0.5 ], "enabled": false },
				"up": { "texture": "#null", "uv": [ 0.0, 0.0, 0.5, 0.5 ], "enabled": false },
				"down": { "texture": "#null", "uv": [ 0.0, 0.0, 0.5, 0.5 ], "enabled": false }
			},
			"children": [
				{
					"name": "BowGrip",
					"from": [ -1.9, -0.5, -0.5 ], 
					"to": [ 2.1, 0.5, 0.5 ], 
					"rotationOrigin": [ 0.0, 0.0, -0.5 ],
					"faces": {
						"north": { "texture": "#normal-westeast", "uv": [ 2.25, 2.25, 6.25, 3.25 ] },
						"east": { "texture": "#normal-westeast", "uv": [ 3.5, 3.0, 4.5, 4.0 ] },
						"south": { "texture": "#normal-westeast", "uv": [ 3.75, 3.25, 7.75, 4.25 ] },
						"west": { "texture": "#normal-westeast", "uv": [ 5.25, 4.25, 6.25, 5.25 ] },
						"up": { "texture": "#normal-westeast", "uv": [ 4.0, 4.5, 8.0, 5.5 ] },
						"down": { "texture": "#normal-westeast", "uv": [ 3.75, 3.75, 7.75, 4.75 ] }
					},
					"children": [
						{
							"name": "BowLimbUp",
							"from": [ 3.4, 0.1, 0.1 ], 
							"to": [ 6.4, 0.9, 0.9 ], 
							"rotationOrigin": [ 3.4, 0.5, 0.5 ],
							"faces": {
								"north": { "texture": "#maple", "uv": [ 2.5, 4.0, 5.5, 4.75 ] },
								"east": { "texture": "#maple", "uv": [ 2.25, 2.5, 3.0, 3.25 ] },
								"south": { "texture": "#maple", "uv": [ 2.0, 3.0, 5.0, 3.75 ] },
								"west": { "texture": "#maple", "uv": [ 0.0, 0.0, 0.75, 0.75 ], "enabled": false },
								"up": { "texture": "#maple", "uv": [ 3.0, 4.5, 6.0, 5.25 ] },
								"down": { "texture": "#maple", "uv": [ 3.0, 4.0, 6.0, 4.75 ] }
							},
							"children": [
								{
									"name": "BowTipUp",
									"from": [ 2.5, 0.1, 0.1 ], 
									"to": [ 5.9, 0.7, 0.7 ], 
									"rotationOrigin": [ 2.5, 0.4, 0.4 ],
									"rotationY": -22.5,
									"faces": {
										"north": { "texture": "#maple", "uv": [ 1.25, 1.5, 4.5, 2.0 ] },
										"east": { "texture": "#maple", "uv": [ 2.0, 0.25, 2.5, 0.75 ] },
										"south": { "texture": "#maple", "uv": [ 1.0, 1.0, 4.25, 1.5 ] },
										"west": { "texture": "#maple", "uv": [ 0.0, 0.0, 0.5, 0.5 ], "enabled": false },
										"up": { "texture": "#maple", "uv": [ 1.25, 2.0, 4.5, 2.5 ] },
										"down": { "texture": "#maple", "uv": [ 1.25, 2.25, 4.5, 2.75 ] }
									},
									"children": [
										{
											"name": "BowStringUp1",
											"from": [ -3.2, 0.2, 0.5 ], 
											"to": [ 2.8, 0.4, 0.7 ], 
											"rotationOrigin": [ 2.8, 0.3, 0.6 ],
											"rotationY": 22.5,
											"faces": {
												"north": { "texture": "#normal-westeast", "uv": [ 0.0, 0.0, 6.0, 0.5 ] },
												"east": { "texture": "#normal-westeast", "uv": [ 3.0, 0.0, 3.5, 0.5 ] },
												"south": { "texture": "#normal-westeast", "uv": [ 0.0, 0.0, 6.0, 0.5 ] },
												"west": { "texture": "#normal-westeast", "uv": [ 2.5, 0.0, 3.0, 0.5 ] },
												"up": { "texture": "#normal-westeast", "uv": [ 0.0, 0.0, 6.0, 0.5 ] },
												"down": { "texture": "#normal-westeast", "uv": [ 0.0, 0.0, 6.0, 0.5 ] }
											}
										},
										{
											"name": "BowNotchUp",
											"from": [ 2.3, -0.1, -0.1 ], 
											"to": [ 2.9, 0.7, 0.7 ], 
											"rotationOrigin": [ 2.6, 0.3, 0.3 ],
											"faces": {
												"north": { "texture": "#normal-westeast", "uv": [ 3.75, 0.0, 4.25, 0.75 ] },
												"east": { "texture": "#normal-westeast", "uv": [ 2.5, 0.0, 3.25, 0.75 ] },
												"south": { "texture": "#normal-westeast", "uv": [ 1.5, 0.75, 2.0, 1.5 ] },
												"west": { "texture": "#normal-westeast", "uv": [ 2.25, 0.5, 3.0, 1.25 ] },
												"up": { "texture": "#normal-westeast", "uv": [ 2.5, 1.25, 3.0, 2.0 ] },
												"down": { "texture": "#normal-westeast", "uv": [ 4.25, 1.0, 4.75, 1.75 ] }
											}
										}
									]
								}
							]
						},
						{
							"name": "BowLimbDown",
							"from": [ -2.9, 0.1, 0.1 ], 
							"to": [ 0.1, 0.9, 0.9 ], 
							"rotationOrigin": [ 0.1, 0.4, 0.4 ],
							"faces": {
								"north": { "texture": "#maple", "uv": [ 0.75, 1.25, 3.75, 2.0 ] },
								"east": { "texture": "#maple", "uv": [ 0.0, 0.0, 0.75, 0.75 ], "enabled": false },
								"south": { "texture": "#maple", "uv": [ 2.5, 1.75, 5.5, 2.5 ] },
								"west": { "texture": "#maple", "uv": [ 1.0, 1.0, 1.75, 1.75 ] },
								"up": { "texture": "#maple", "uv": [ 1.0, 1.0, 4.0, 1.75 ] },
								"down": { "texture": "#maple", "uv": [ 1.5, 2.0, 4.5, 2.75 ] }
							},
							"children": [
								{
									"name": "BowTipDown",
									"from": [ -2.9, 0.1, 0.1 ], 
									"to": [ 0.5, 0.7, 0.7 ], 
									"rotationOrigin": [ 0.5, 0.4, 0.4 ],
									"rotationY": 22.5,
									"faces": {
										"north": { "texture": "#maple", "uv": [ 1.5, 1.25, 4.75, 1.75 ] },
										"east": { "texture": "#maple", "uv": [ 1.25, 2.0, 1.75, 2.5 ] },
										"south": { "texture": "#maple", "uv": [ 1.25, 0.75, 4.5, 1.25 ] },
										"west": { "texture": "#maple", "uv": [ 0.75, 1.0, 1.25, 1.5 ] },
										"up": { "texture": "#maple", "uv": [ 1.5, 1.75, 4.75, 2.25 ] },
										"down": { "texture": "#maple", "uv": [ 1.25, 1.5, 4.5, 2.0 ] }
									},
									"children": [
										{
											"name": "BowStringDown1",
											"from": [ 0.6, 0.2, 0.5 ], 
											"to": [ 6.6, 0.4, 0.7 ], 
											"rotationOrigin": [ 0.6, 0.3, 0.6 ],
											"rotationY": -22.5,
											"faces": {
												"north": { "texture": "#normal-westeast", "uv": [ 0.0, 0.0, 6.0, 0.5 ] },
												"east": { "texture": "#normal-westeast", "uv": [ 3.0, 0.0, 3.5, 0.5 ] },
												"south": { "texture": "#normal-westeast", "uv": [ 0.0, 0.0, 6.0, 0.5 ] },
												"west": { "texture": "#normal-westeast", "uv": [ 3.5, 0.0, 4.0, 0.5 ] },
												"up": { "texture": "#normal-westeast", "uv": [ 0.0, 0.0, 6.0, 0.5 ] },
												"down": { "texture": "#normal-westeast", "uv": [ 0.0, 0.0, 6.0, 0.5 ] }
											}
										},
										{
											"name": "BowNotchDown",
											"from": [ 0.5, -0.1, -0.1 ], 
											"to": [ 1.1, 0.7, 0.7 ], 
											"rotationOrigin": [ 0.5, -0.1, -0.1 ],
											"faces": {
												"north": { "texture": "#normal-westeast", "uv": [ 2.0, 0.75, 2.5, 1.5 ] },
												"east": { "texture": "#normal-westeast", "uv": [ 2.5, 0.5, 3.25, 1.25 ] },
												"south": { "texture": "#normal-westeast", "uv": [ 2.0, 0.25, 2.5, 1.0 ] },
												"west": { "texture": "#normal-westeast", "uv": [ 1.5, 0.5, 2.25, 1.25 ] },
												"up": { "texture": "#normal-westeast", "uv": [ 1.5, 0.25, 2.0, 1.0 ] },
												"down": { "texture": "#normal-westeast", "uv": [ 1.0, 0.75, 1.5, 1.5 ] }
											}
										}
									]
								}
							]
						},
						{
							"name": "BowNock",
							"from": [ 1.0721, 0.3, 1.6487 ], 
							"to": [ 3.0721, 0.7, 2.0487 ], 
							"rotationOrigin": [ 2.0721, 0.5, 1.8487 ],
							"faces": {
								"north": { "texture": "#normal-westeast", "uv": [ 2.5, 2.0, 4.5, 2.5 ] },
								"east": { "texture": "#normal-westeast", "uv": [ 4.0, 1.0, 4.5, 1.5 ] },
								"south": { "texture": "#normal-westeast", "uv": [ 2.0, 1.0, 4.0, 1.5 ] },
								"west": { "texture": "#normal-westeast", "uv": [ 1.5, 1.0, 2.0, 1.5 ] },
								"up": { "texture": "#normal-westeast", "uv": [ 4.5, 0.5, 6.5, 1.0 ] },
								"down": { "texture": "#normal-westeast", "uv": [ 4.0, 1.0, 6.0, 1.5 ] }
							},
							"attachmentpoints": [
								{
									"code": "Arrow",
									"posX": "1.0","posY": "0.4","posZ": "0.0",
									"rotationX": "0.0","rotationY": "90.0","rotationZ": "0.0"
								}
							]
						}
					]
				}
			]
		}
	],
	"animations": [
		{
			"name": "Draw",
			"code": "draw",
			"quantityframes": 15,
			"onActivityStopped": "Rewind",
			"onAnimationEnd": "Hold",
			"keyframes": [
				{
					"frame": 0,
					"elements": {
						"BowGrip": { "offsetX": 0.0, "offsetY": 0.0, "offsetZ": 0.0, "rotationX": 0.0, "rotationY": 0.0, "rotationZ": 0.0 },
						"BowLimbUp": { "rotationX": 0.0, "rotationY": 0.0, "rotationZ": 0.0 },
						"BowTipUp": { "offsetX": 0.0, "offsetY": 0.0, "offsetZ": 0.0, "rotationX": 0.0, "rotationY": 0.0, "rotationZ": 0.0 },
						"BowStringUp1": { "rotationX": 0.0, "rotationY": 0.0, "rotationZ": 0.0 },
						"BowLimbDown": { "rotationX": 0.0, "rotationY": 0.0, "rotationZ": 0.0 },
						"BowTipDown": { "offsetX": 0.0, "offsetY": 0.0, "offsetZ": 0.0, "rotationX": 0.0, "rotationY": 0.0, "rotationZ": 0.0 },
						"BowStringDown1": { "rotationX": 0.0, "rotationY": 0.0, "rotationZ": 0.0 },
						"BowNock": { "offsetX": 0.0, "offsetY": 0.0, "offsetZ": 0.0 }
					}
				},
				{
					"frame": 14,
					"elements": {
						"BowGrip": { "offsetX": 0.0, "offsetY": 0.0, "offsetZ": 0.0, "rotationX": 0.0, "rotationY": 0.0, "rotationZ": 0.0 },
						"BowLimbUp": { "rotationX": 0.0, "rotationY": -67.5, "rotationZ": 0.0 },
						"BowTipUp": { "offsetX": 0.0, "offsetY": 0.0, "offsetZ": 0.0, "rotationX": 0.0, "rotationY": 0.0, "rotationZ": 0.0 },
						"BowStringUp1": { "rotationX": 0.0, "rotationY": 140.0, "rotationZ": 0.0 },
						"BowLimbDown": { "rotationX": 0.0, "rotationY": 67.5, "rotationZ": 0.0 },
						"BowTipDown": { "offsetX": 0.0, "offsetY": 0.0, "offsetZ": 0.0, "rotationX": 0.0, "rotationY": 0.0, "rotationZ": 0.0 },
						"BowStringDown1": { "rotationX": 0.0, "rotationY": -139.0, "rotationZ": 0.0 },
						"BowNock": { "offsetX": 0.0, "offsetY": 0.0, "offsetZ": 9.6 }
					}
				}
			]
		}
	]
}