{
	"ingredient": { "type": "item", "code": "game:clay-*", "name": "type", "allowedVariants": ["blue", "fire"] },
	"pattern": [[
		"##############",
		"##############",
		"##############",
		"##############",
		"##############",
		"##############",
		"##############",
		"##############",
		"##############",
		"##############",
		"##############",
		"##############",
		"##############",
		"##############",
	],
	[
		"##############",
		"###_#_##_#_###",
		"##############",
		"#_#_#_##_#_#_#",
		"##############",
		"#_#_#_##_#_#_#",
		"##############",
		"##############",
		"#_#_#_##_#_#_#",
		"##############",
		"#_#_#_##_#_#_#",
		"##############",
		"###_#_##_#_###",
		"##############"
	]
	/*[
		"##############",
		"#####__#######",
		"###__##__##__#",
		"#__##__##__###",
		"###__##__##__#",
		"#__##__##__###",
		"###__##__##__#",
		"#__##__##__###",
		"###__##__##__#",
		"#__##__##__###",
		"###__##__##__#",
		"#__##__##__###",
		"#######__#####",
		"##############",
	]*/],
	"name": "Bullet Mold",
	"output": { "type": "block", "code": "bullseye-continued:toolmold-raw-bullets"  },
	"enabled": true
}