{
	"editor": {
		"allAngles": false,
		"entityTextureMode": false
	},
	"textureWidth": 16,
	"textureHeight": 16,
	"textureSizes": {
	},
	"textures": {
		"other": "block/clay/ceramic",
		"floor": "block/clay/ceramic-dark"
	},
	"elements": [
		{
			"name": "Cube1",
			"from": [ 5.0, 0.0, 4.0 ], 
			"to": [ 11.0, 1.0, 12.0 ], 
			"faces": {
				"north": { "texture": "#other", "uv": [ 0.0, 0.0, 6.0, 1.0 ], "enabled": false },
				"east": { "texture": "#other", "uv": [ 0.0, 0.0, 8.0, 1.0 ], "enabled": false },
				"south": { "texture": "#other", "uv": [ 0.0, 0.0, 6.0, 1.0 ], "enabled": false },
				"west": { "texture": "#other", "uv": [ 0.0, 0.0, 8.0, 1.0 ], "enabled": false },
				"up": { "texture": "#floor", "uv": [ 4.0, 4.0, 10.0, 12.0 ] },
				"down": { "texture": "#other", "uv": [ 4.5, 4.0, 10.5, 12.0 ] }
			},
			"children": [
				{
					"name": "Cube2",
					"from": [ -4.0, 0.0, 8.0 ], 
					"to": [ 10.0, 2.0, 11.0 ], 
					"rotationOrigin": [ -4.0, 0.0, 8.0 ],
					"faces": {
						"north": { "texture": "#other", "uv": [ 0.0, 0.0, 14.0, 2.0 ], "autoUv": false },
						"east": { "texture": "#other", "uv": [ 0.0, 0.0, 3.0, 2.0 ], "autoUv": false },
						"south": { "texture": "#other", "uv": [ 0.0, 0.0, 14.0, 2.0 ] },
						"west": { "texture": "#other", "uv": [ 0.0, 0.0, 3.0, 2.0 ] },
						"up": { "texture": "#other", "uv": [ 0.0, 11.0, 14.0, 14.0 ] },
						"down": { "texture": "#other", "uv": [ 0.0, 11.0, 14.0, 14.0 ] }
					}
				},
				{
					"name": "Cube3",
					"from": [ 1.0, 1.0, 7.0 ], 
					"to": [ 5.0, 2.0, 8.0 ], 
					"rotationOrigin": [ 1.0, 1.0, 7.0 ],
					"faces": {
						"north": { "texture": "#other", "uv": [ 0.0, 1.0, 4.0, 2.0 ] },
						"east": { "texture": "#other", "uv": [ 4.0, 1.0, 5.0, 2.0 ] },
						"south": { "texture": "#other", "uv": [ 0.0, 0.0, 4.0, 1.0 ], "enabled": false },
						"west": { "texture": "#other", "uv": [ 5.0, 1.0, 6.0, 2.0 ] },
						"up": { "texture": "#other", "uv": [ 5.0, 10.0, 9.0, 11.0 ] },
						"down": { "texture": "#other", "uv": [ 4.0, 0.0, 8.0, 1.0 ], "enabled": false }
					}
				},
				{
					"name": "Cube4",
					"from": [ 4.0, 1.0, 6.0 ], 
					"to": [ 5.0, 2.0, 7.0 ], 
					"rotationOrigin": [ 4.0, 1.0, 6.0 ],
					"faces": {
						"north": { "texture": "#other", "uv": [ 0.0, 1.0, 1.0, 2.0 ] },
						"east": { "texture": "#other", "uv": [ 1.0, 1.0, 2.0, 2.0 ] },
						"south": { "texture": "#other", "uv": [ 2.0, 1.0, 3.0, 2.0 ], "enabled": false },
						"west": { "texture": "#other", "uv": [ 3.0, 1.0, 4.0, 2.0 ] },
						"up": { "texture": "#other", "uv": [ 8.0, 9.0, 9.0, 10.0 ] },
						"down": { "texture": "#other", "uv": [ 0.0, 0.0, 1.0, 1.0 ], "enabled": false }
					}
				},
				{
					"name": "Cube5",
					"from": [ 1.0, 1.0, 6.0 ], 
					"to": [ 2.0, 2.0, 7.0 ], 
					"rotationOrigin": [ 1.0, 1.0, 6.0 ],
					"faces": {
						"north": { "texture": "#other", "uv": [ 0.0, 1.0, 1.0, 2.0 ] },
						"east": { "texture": "#other", "uv": [ 1.0, 1.0, 2.0, 2.0 ] },
						"south": { "texture": "#other", "uv": [ 0.0, 0.0, 1.0, 1.0 ], "enabled": false },
						"west": { "texture": "#other", "uv": [ 2.0, 1.0, 3.0, 2.0 ] },
						"up": { "texture": "#other", "uv": [ 5.0, 9.0, 6.0, 10.0 ] },
						"down": { "texture": "#other", "uv": [ 1.0, 0.0, 2.0, 1.0 ], "enabled": false }
					}
				},
				{
					"name": "Cube6",
					"from": [ 6.0, 0.0, -3.0 ], 
					"to": [ 10.0, 2.0, 8.0 ], 
					"rotationOrigin": [ 6.0, 0.0, -3.0 ],
					"faces": {
						"north": { "texture": "#other", "uv": [ 0.0, 0.0, 4.0, 2.0 ] },
						"east": { "texture": "#other", "uv": [ 0.0, 0.0, 11.0, 2.0 ] },
						"south": { "texture": "#other", "uv": [ 0.0, 0.0, 4.0, 2.0 ] },
						"west": { "texture": "#other", "uv": [ 0.0, 0.0, 11.0, 2.0 ] },
						"up": { "texture": "#other", "uv": [ 10.0, 0.0, 14.0, 11.0 ] },
						"down": { "texture": "#other", "uv": [ 0.0, 0.0, 4.0, 11.0 ] }
					}
				},
				{
					"name": "Cube7",
					"from": [ -4.0, 0.0, -3.0 ], 
					"to": [ 0.0, 2.0, 8.0 ], 
					"rotationOrigin": [ -4.0, 0.0, -3.0 ],
					"faces": {
						"north": { "texture": "#other", "uv": [ 0.0, 0.0, 4.0, 2.0 ] },
						"east": { "texture": "#other", "uv": [ 0.0, 0.0, 11.0, 2.0 ] },
						"south": { "texture": "#other", "uv": [ 0.0, 0.0, 4.0, 2.0 ] },
						"west": { "texture": "#other", "uv": [ 0.0, 0.0, 11.0, 2.0 ] },
						"up": { "texture": "#other", "uv": [ 0.0, 0.0, 4.0, 11.0 ] },
						"down": { "texture": "#other", "uv": [ 10.0, 0.0, 14.0, 11.0 ] }
					}
				},
				{
					"name": "Cube8",
					"from": [ 0.0, 0.0, -3.0 ], 
					"to": [ 6.0, 2.0, 0.0 ], 
					"rotationOrigin": [ 0.0, 0.0, -3.0 ],
					"faces": {
						"north": { "texture": "#other", "uv": [ 0.0, 3.5, 6.0, 5.5 ] },
						"east": { "texture": "#other", "uv": [ 6.0, 3.5, 9.0, 5.5 ] },
						"south": { "texture": "#other", "uv": [ 9.0, 3.5, 15.0, 5.5 ] },
						"west": { "texture": "#other", "uv": [ 15.0, 3.5, 18.0, 5.5 ] },
						"up": { "texture": "#other", "uv": [ 4.0, 0.0, 10.0, 3.0 ] },
						"down": { "texture": "#other", "uv": [ 4.0, 0.0, 10.0, 3.0 ] }
					}
				},
				{
					"name": "Cube9",
					"from": [ 0.0, 1.0, 0.0 ], 
					"to": [ 2.0, 2.0, 1.0 ], 
					"rotationOrigin": [ 0.0, 1.0, 0.0 ],
					"faces": {
						"north": { "texture": "#other", "uv": [ 0.0, 0.0, 2.0, 1.0 ], "enabled": false },
						"east": { "texture": "#other", "uv": [ 0.0, 1.0, 1.0, 2.0 ] },
						"south": { "texture": "#other", "uv": [ 1.0, 1.0, 3.0, 2.0 ] },
						"west": { "texture": "#other", "uv": [ 3.0, 1.0, 4.0, 2.0 ], "enabled": false },
						"up": { "texture": "#other", "uv": [ 4.0, 3.0, 6.0, 4.0 ] },
						"down": { "texture": "#other", "uv": [ 2.0, 0.0, 4.0, 1.0 ], "enabled": false }
					}
				},
				{
					"name": "Cube10",
					"from": [ 4.0, 1.0, 0.0 ], 
					"to": [ 6.0, 2.0, 1.0 ], 
					"rotationOrigin": [ 4.0, 1.0, 0.0 ],
					"faces": {
						"north": { "texture": "#other", "uv": [ 0.0, 0.0, 2.0, 1.0 ], "enabled": false },
						"east": { "texture": "#other", "uv": [ 0.0, 1.0, 1.0, 2.0 ], "enabled": false },
						"south": { "texture": "#other", "uv": [ 0.0, 1.0, 2.0, 2.0 ] },
						"west": { "texture": "#other", "uv": [ 2.0, 1.0, 3.0, 2.0 ] },
						"up": { "texture": "#other", "uv": [ 8.0, 3.0, 10.0, 4.0 ] },
						"down": { "texture": "#other", "uv": [ 2.0, 0.0, 4.0, 1.0 ], "enabled": false }
					}
				},
				{
					"name": "Cube11",
					"from": [ 5.0, 1.0, 1.0 ], 
					"to": [ 6.0, 2.0, 4.0 ], 
					"rotationOrigin": [ 5.0, 1.0, 1.0 ],
					"faces": {
						"north": { "texture": "#other", "uv": [ 0.0, 3.0, 1.0, 4.0 ] },
						"east": { "texture": "#other", "uv": [ 0.0, 0.0, 3.0, 1.0 ], "enabled": false },
						"south": { "texture": "#other", "uv": [ 1.0, 3.0, 2.0, 4.0 ] },
						"west": { "texture": "#other", "uv": [ 2.0, 3.0, 5.0, 4.0 ] },
						"up": { "texture": "#other", "uv": [ 8.0, 4.0, 9.0, 7.0 ] },
						"down": { "texture": "#other", "uv": [ 1.0, 0.0, 2.0, 3.0 ], "enabled": false }
					}
				},
				{
					"name": "Cube12",
					"from": [ 0.0, 1.0, 1.0 ], 
					"to": [ 1.0, 2.0, 4.0 ], 
					"rotationOrigin": [ 0.0, 1.0, 1.0 ],
					"faces": {
						"north": { "texture": "#other", "uv": [ 0.0, 3.0, 1.0, 4.0 ] },
						"east": { "texture": "#other", "uv": [ 1.0, 3.0, 4.0, 4.0 ] },
						"south": { "texture": "#other", "uv": [ 4.0, 3.0, 5.0, 4.0 ] },
						"west": { "texture": "#other", "uv": [ 0.0, 0.0, 3.0, 1.0 ], "enabled": false },
						"up": { "texture": "#other", "uv": [ 4.0, 4.0, 5.0, 7.0 ] },
						"down": { "texture": "#other", "uv": [ 1.0, 0.0, 2.0, 3.0 ], "enabled": false }
					}
				}
			]
		}
	]}