[
	{
		"side": "Server", "file": "game:itemtypes/tool/spear", "op": "add", "path": "/behaviors/-", "value": 
		{
			"name": "Bullseye.Spear"
		}
	},

	{
		"side": "Server", "file": "game:itemtypes/tool/spear", "op": "add", "path": "/attributes/bullseyeWeaponStats", "value": 
		{
			"cooldownTime": 1.5, 

			"aimDrift": 160,
			"aimTwitch": 35,
			"aimTwitchDuration": 450,

			"horizontalLimit": 0,
			"verticalLimit": 0,
        	"verticalOffset": 0,
			"projectileSpread": 0,
			"projectileVelocity": 19.5,

			"verticalAccuracyMult": 0.7,
			"accuracyStart": 0.8,
			"accuracyStartTime": 1.5,
			"accuracyOvertime": 0,
			"accuracyMovePenalty": 0.3,

			"aimTexPartChargePath": "bullseye-continued:gui/aimthrowpart.png",
			"aimTexFullChargePath": "bullseye-continued:gui/aimthrowfull.png"
		}
	},

	{ "side": "Server", "file": "game:itemtypes/tool/spear", "op": "add", "path": "/attackpowerbytype/spear-generic-iron", "value": 4.25 },
	{ "side": "Server", "file": "game:itemtypes/tool/spear", "op": "add", "path": "/attackpowerbytype/spear-generic-meteoriciron", "value": 4.5 },
	{ "side": "Server", "file": "game:itemtypes/tool/spear", "op": "add", "path": "/attackpowerbytype/spear-generic-steel", "value": 4.5 },

	{ "side": "Server", "file": "game:itemtypes/tool/spear", "op": "replace", "path": "/durabilitybytype/spear-generic-chert", "value": 20 },
	{ "side": "Server", "file": "game:itemtypes/tool/spear", "op": "replace", "path": "/durabilitybytype/spear-generic-granite", "value": 20 },
	{ "side": "Server", "file": "game:itemtypes/tool/spear", "op": "replace", "path": "/durabilitybytype/spear-generic-andesite", "value": 20 },
	{ "side": "Server", "file": "game:itemtypes/tool/spear", "op": "replace", "path": "/durabilitybytype/spear-generic-basalt", "value": 20 },
	{ "side": "Server", "file": "game:itemtypes/tool/spear", "op": "replace", "path": "/durabilitybytype/spear-generic-peridotite", "value": 20 },
	{ "side": "Server", "file": "game:itemtypes/tool/spear", "op": "replace", "path": "/durabilitybytype/spear-generic-flint", "value": 40 },
	{ "side": "Server", "file": "game:itemtypes/tool/spear", "op": "replace", "path": "/durabilitybytype/spear-generic-obsidian", "value": 56 },
	{ "side": "Server", "file": "game:itemtypes/tool/spear", "op": "replace", "path": "/durabilitybytype/spear-scrap-scrap", "value": 100 },
	{ "side": "Server", "file": "game:itemtypes/tool/spear", "op": "replace", "path": "/durabilitybytype/spear-generic-copper", "value": 175 },
	{ "side": "Server", "file": "game:itemtypes/tool/spear", "op": "replace", "path": "/durabilitybytype/spear-generic-bismuthbronze", "value": 360 },
	{ "side": "Server", "file": "game:itemtypes/tool/spear", "op": "replace", "path": "/durabilitybytype/spear-generic-tinbronze", "value": 310 },
	{ "side": "Server", "file": "game:itemtypes/tool/spear", "op": "replace", "path": "/durabilitybytype/spear-generic-blackbronze", "value": 375 },
	{ "side": "Server", "file": "game:itemtypes/tool/spear", "op": "replace", "path": "/durabilitybytype/spear-generic-ornategold", "value": 550 },
	{ "side": "Server", "file": "game:itemtypes/tool/spear", "op": "replace", "path": "/durabilitybytype/spear-generic-ornatesilver", "value": 550 },
	{ "side": "Server", "file": "game:itemtypes/tool/spear", "op": "replace", "path": "/durabilitybytype/spear-generic-hacking", "value": 310 },
	{ "side": "Server", "file": "game:itemtypes/tool/spear", "op": "replace", "path": "/durabilitybytype/*-ruined", "value": 22 },

	{ "side": "Server", "file": "game:itemtypes/tool/spear", "op": "add", "path": "/durabilitybytype/spear-generic-iron", "value": 550 },
	{ "side": "Server", "file": "game:itemtypes/tool/spear", "op": "add", "path": "/durabilitybytype/spear-generic-meteoriciron", "value": 700 },
	{ "side": "Server", "file": "game:itemtypes/tool/spear", "op": "add", "path": "/durabilitybytype/spear-generic-steel", "value": 1350 },

	{ "side": "Server", "file": "game:itemtypes/tool/spear", "op": "replace", "path": "/attributes/damageByType/*-chert", "value": 5 },
	{ "side": "Server", "file": "game:itemtypes/tool/spear", "op": "replace", "path": "/attributes/damageByType/*-granite", "value": 5 },
	{ "side": "Server", "file": "game:itemtypes/tool/spear", "op": "replace", "path": "/attributes/damageByType/*-andesite", "value": 5 },
	{ "side": "Server", "file": "game:itemtypes/tool/spear", "op": "replace", "path": "/attributes/damageByType/*-basalt", "value": 5 },
	{ "side": "Server", "file": "game:itemtypes/tool/spear", "op": "replace", "path": "/attributes/damageByType/*-peridotite", "value": 5 },
	{ "side": "Server", "file": "game:itemtypes/tool/spear", "op": "replace", "path": "/attributes/damageByType/*-flint", "value": 5.5 },
	{ "side": "Server", "file": "game:itemtypes/tool/spear", "op": "replace", "path": "/attributes/damageByType/*-obsidian", "value": 6.25 },
	{ "side": "Server", "file": "game:itemtypes/tool/spear", "op": "replace", "path": "/attributes/damageByType/*-scrap", "value": 7.5 },
	{ "side": "Server", "file": "game:itemtypes/tool/spear", "op": "replace", "path": "/attributes/damageByType/*-copper", "value": 7.5 },
	{ "side": "Server", "file": "game:itemtypes/tool/spear", "op": "replace", "path": "/attributes/damageByType/*-bismuthbronze", "value": 8 },
	{ "side": "Server", "file": "game:itemtypes/tool/spear", "op": "replace", "path": "/attributes/damageByType/*-tinbronze", "value": 8.5 },
	{ "side": "Server", "file": "game:itemtypes/tool/spear", "op": "replace", "path": "/attributes/damageByType/*-blackbronze", "value": 8.75 },
	{ "side": "Server", "file": "game:itemtypes/tool/spear", "op": "replace", "path": "/attributes/damageByType/*-ornategold", "value": 9 },
	{ "side": "Server", "file": "game:itemtypes/tool/spear", "op": "replace", "path": "/attributes/damageByType/*-ornatesilver", "value": 9 },
	{ "side": "Server", "file": "game:itemtypes/tool/spear", "op": "replace", "path": "/attributes/damageByType/*-hacking", "value": 8.25 },
	{ "side": "Server", "file": "game:itemtypes/tool/spear", "op": "replace", "path": "/attributes/damageByType/*-ruined", "value": 9 },

	{ "side": "Server", "file": "game:itemtypes/tool/spear", "op": "add", "path": "/attributes/damageByType/*-iron", "value": 9 },
	{ "side": "Server", "file": "game:itemtypes/tool/spear", "op": "add", "path": "/attributes/damageByType/*-meteoriciron", "value": 9.25 },
	{ "side": "Server", "file": "game:itemtypes/tool/spear", "op": "add", "path": "/attributes/damageByType/*-steel", "value": 9.25 },

	{ 
		"side": "Server", "file": "game:itemtypes/tool/spear", "op": "add", "path": "/tooltierbytype", "value": 
		{
			"*-chert": 1,
			"*-granite": 1,
			"*-andesite": 1,
			"*-basalt": 1,
			"*-peridotite": 1,
			"*-flint": 1,
			"*-obsidian": 1,
			"*-scrap": 2,
			"*-copper": 2,
			"*-bismuthbronze": 3,
			"*-tinbronze": 3,
			"*-blackbronze": 3,
			"*-ornate-gold": 4,
			"*-ornate-silver": 4,
			"*-iron": 4,
			"*-meteoriciron": 4,
			"*-steel": 5,
			"*-hacking": 4,
			"*-ruined": 4
		}
	},

	{ "side": "Server", "file": "game:itemtypes/tool/spear", "op": "add", "path": "/attributes/interactionLangCode", "value": "heldhelp-throw" },
	{ "side": "Server", "file": "game:itemtypes/tool/spear", "op": "add", "path": "/attributes/slotRefillIdentifier", "value": "spear" },

	{ "side": "Server", "file": "game:itemtypes/tool/spear", "op": "add", "path": "/variantgroups/1/states/-", "value": "iron" },
	{ "side": "Server", "file": "game:itemtypes/tool/spear", "op": "add", "path": "/variantgroups/1/states/-", "value": "meteoriciron" },
	{ "side": "Server", "file": "game:itemtypes/tool/spear", "op": "add", "path": "/variantgroups/1/states/-", "value": "steel" },
	{ "side": "Server", "file": "game:itemtypes/tool/spear", "op": "add", "path": "/shapeByType/@spear-generic-(iron|meteoriciron|steel)", "value": { "base": "bullseye-continued:item/tool/spear/spear-iron" } },

	{ "side": "Server", "file": "game:itemtypes/tool/spear", "op": "move", "frompath": "/texturesByType/spear-generic-*", "path": "/move-temp"},
	{ "side": "Server", "file": "game:itemtypes/tool/spear", "op": "add", "path": "/texturesByType/@spear-generic-(iron|meteoriciron|steel)", "value": { "material": { "base": "game:block/metal/ingot/{material}" } } },
	{ "side": "Server", "file": "game:itemtypes/tool/spear", "op": "move", "frompath": "/move-temp", "path": "/texturesByType/spear-generic-*"},

	{ "side": "Server", "file": "game:itemtypes/tool/spear", "op": "move", "frompath": "/attributes/groundStorageTransformByType/*", "path": "/move-temp"},
	{ "side": "Server", "file": "game:itemtypes/tool/spear", "op": "add", "path": "/attributes/groundStorageTransformByType/@spear-generic-(iron|meteoriciron|steel)", "value": 
		{ 
			"translation": { "x": -0.39, "y": 0.72, "z": 0.25 },
			"rotation": { "x": 16, "y": 1, "z": 90 },
			"scale": 0.81
		} 
	},
	{ "side": "Server", "file": "game:itemtypes/tool/spear", "op": "move", "frompath": "/move-temp", "path": "/attributes/groundStorageTransformByType/*"},

	{ "side": "Server", "file": "game:itemtypes/tool/spear", "op": "move", "frompath": "/attributes/toolrackTransformByType/*", "path": "/move-temp"},
	{ "side": "Server", "file": "game:itemtypes/tool/spear", "op": "add", "path": "/attributes/toolrackTransformByType/@spear-generic-(iron|meteoriciron|steel)", "value": 
		{
			"rotation": { "x": 90, "y": 1, "z": -1 },
			"translation": { "x": -0.2, "y": 0.05, "z": 0.5 },
			"scale": 1
		} 
	},
	{ "side": "Server", "file": "game:itemtypes/tool/spear", "op": "move", "frompath": "/move-temp", "path": "/attributes/toolrackTransformByType/*"},

	{ "side": "Server", "file": "game:itemtypes/tool/spear", "op": "move", "frompath": "/guiTransformByType/*", "path": "/move-temp"},
	{ "side": "Server", "file": "game:itemtypes/tool/spear", "op": "add", "path": "/guiTransformByType/@spear-generic-(iron|meteoriciron|steel)", "value": 
		{
			"translation": { "x": 0, "y": 0, "z": 0 },
			"rotation": { "x": 33, "y": 0, "z": -127 },
			"origin": { "x": 1.29, "y": 0.05, "z": 0.52 },
			"scale": 2.26
		} 
	},
	{ "side": "Server", "file": "game:itemtypes/tool/spear", "op": "move", "frompath": "/move-temp", "path": "/guiTransformByType/*"},

	{ "side": "Server", "file": "game:itemtypes/tool/spear", "op": "move", "frompath": "/tpHandTransformByType/*", "path": "/move-temp"},
	{ "side": "Server", "file": "game:itemtypes/tool/spear", "op": "add", "path": "/tpHandTransformByType/@spear-generic-(iron|meteoriciron|steel)", "value": 
		{
			"translation": { "x": -1.04, "y": 0.02, "z": -0.57 },
			"rotation": { "x": -90, "y": 0, "z": 0 },
			"origin": { "x": 0.5, "y": 0, "z": 0.5 },
			"scale": 0.8
		} 
	},
	{ "side": "Server", "file": "game:itemtypes/tool/spear", "op": "move", "frompath": "/move-temp", "path": "/tpHandTransformByType/*"}
]