[
	{ "side": "Server", "file": "game:itemtypes/tool/bullets", "op": "remove", "path": "/class" },

	{
		"side": "Server", "file": "game:itemtypes/tool/bullets", "op": "add", "path": "/behaviors", "value": 
		[{
			"name": "Bullseye.Ammunition"
		}]
	},

	{ "side": "Server", "file": "game:itemtypes/tool/bullets", "op": "add", "path": "/attributes/projectileEntityCode", "value": "bullseye-continued:bullet-{material}" },

	// Copied straight from the vanilla file
	{ "side": "Server", "file": "game:itemtypes/tool/bullets", "op": "add", "path": "/creativeinventory", "value": { "general": ["*"], "items": ["*"], "tools": ["*"] } },
	
	{ 
		"side": "Server", "file": "game:itemtypes/tool/bullets", "op": "add", "path": "/attributes/ammoTypesByType", "value":
		{
			"*-lead": { 
				"slingbullet": {
					"damage": 7,
					"breakChanceOnImpact": 1,
					"langCode": "bullseye-continued:damage-with-sling"
				} 
			}
		} 
	},

	/*{ "side": "Server", "file": "game:itemtypes/tool/bullets", "op": "replace", "path": "/attributes/damageByType", "value": 
		{
			"*-lead" : 7
		}
	},*/

	{ "side": "Server", "file": "game:itemtypes/tool/bullets", "op": "replace", "path": "/attributes/breakChanceOnImpactByType/*-lead", "value": 1 }
]